<?xml version="1.0" encoding="UTF-8" standalone="no"?>
<catalog xmlns="urn:oasis:names:tc:entity:xmlns:xml:catalog">
  <uri name="http://www.eclipse.org/eclipselink/xsds/eclipselink_orm_1_0.xsd" uri="jar:file:/C:/Users/Rathi Venkatesh/Downloads/wetransfer-6c2bd4/eclipse/plugins/org.eclipse.jpt.common.eclipselink.core_1.2.1.v201208222210.jar!/schemas/eclipselink_orm_1_0.xsd"/>
  <uri name="http://www.eclipse.org/eclipselink/xsds/eclipselink_orm_1_1.xsd" uri="jar:file:/C:/Users/Rathi Venkatesh/Downloads/wetransfer-6c2bd4/eclipse/plugins/org.eclipse.jpt.common.eclipselink.core_1.2.1.v201208222210.jar!/schemas/eclipselink_orm_1_1.xsd"/>
  <uri name="http://www.eclipse.org/eclipselink/xsds/eclipselink_orm_1_2.xsd" uri="jar:file:/C:/Users/Rathi Venkatesh/Downloads/wetransfer-6c2bd4/eclipse/plugins/org.eclipse.jpt.common.eclipselink.core_1.2.1.v201208222210.jar!/schemas/eclipselink_orm_1_2.xsd"/>
  <uri name="http://www.eclipse.org/eclipselink/xsds/eclipselink_orm_2_0.xsd" uri="jar:file:/C:/Users/Rathi Venkatesh/Downloads/wetransfer-6c2bd4/eclipse/plugins/org.eclipse.jpt.common.eclipselink.core_1.2.1.v201208222210.jar!/schemas/eclipselink_orm_2_0.xsd"/>
  <uri name="http://www.eclipse.org/eclipselink/xsds/eclipselink_orm_2_1.xsd" uri="jar:file:/C:/Users/Rathi Venkatesh/Downloads/wetransfer-6c2bd4/eclipse/plugins/org.eclipse.jpt.common.eclipselink.core_1.2.1.v201208222210.jar!/schemas/eclipselink_orm_2_1.xsd"/>
  <uri name="http://www.eclipse.org/eclipselink/xsds/eclipselink_orm_2_2.xsd" uri="jar:file:/C:/Users/Rathi Venkatesh/Downloads/wetransfer-6c2bd4/eclipse/plugins/org.eclipse.jpt.common.eclipselink.core_1.2.1.v201208222210.jar!/schemas/eclipselink_orm_2_2.xsd"/>
  <uri name="http://www.eclipse.org/eclipselink/xsds/eclipselink_orm_2_3.xsd" uri="jar:file:/C:/Users/Rathi Venkatesh/Downloads/wetransfer-6c2bd4/eclipse/plugins/org.eclipse.jpt.common.eclipselink.core_1.2.1.v201208222210.jar!/schemas/eclipselink_orm_2_3.xsd"/>
  <uri name="http://www.eclipse.org/eclipselink/xsds/eclipselink_orm_2_4.xsd" uri="jar:file:/C:/Users/Rathi Venkatesh/Downloads/wetransfer-6c2bd4/eclipse/plugins/org.eclipse.persistence.jpa_2.4.2.v20121206-a9d0e8d.jar!/org/eclipse/persistence/jpa/eclipselink_orm_2_4.xsd"/>
  <uri name="http://www.eclipse.org/eclipselink/xsds/eclipselink_oxm_2_0.xsd" uri="jar:file:/C:/Users/Rathi Venkatesh/Downloads/wetransfer-6c2bd4/eclipse/plugins/org.eclipse.jpt.common.eclipselink.core_1.2.1.v201208222210.jar!/schemas/eclipselink_oxm_2_0.xsd"/>
  <uri name="http://www.eclipse.org/eclipselink/xsds/eclipselink_oxm_2_1.xsd" uri="jar:file:/C:/Users/Rathi Venkatesh/Downloads/wetransfer-6c2bd4/eclipse/plugins/org.eclipse.jpt.common.eclipselink.core_1.2.1.v201208222210.jar!/schemas/eclipselink_oxm_2_1.xsd"/>
  <uri name="http://www.eclipse.org/eclipselink/xsds/eclipselink_oxm_2_2.xsd" uri="jar:file:/C:/Users/Rathi Venkatesh/Downloads/wetransfer-6c2bd4/eclipse/plugins/org.eclipse.jpt.common.eclipselink.core_1.2.1.v201208222210.jar!/schemas/eclipselink_oxm_2_2.xsd"/>
  <uri name="http://www.eclipse.org/eclipselink/xsds/eclipselink_oxm_2_3.xsd" uri="jar:file:/C:/Users/Rathi Venkatesh/Downloads/wetransfer-6c2bd4/eclipse/plugins/org.eclipse.jpt.common.eclipselink.core_1.2.1.v201208222210.jar!/schemas/eclipselink_oxm_2_3.xsd"/>
  <uri name="http://www.eclipse.org/eclipselink/xsds/eclipselink_oxm_2_4.xsd" uri="jar:file:/C:/Users/Rathi Venkatesh/Downloads/wetransfer-6c2bd4/eclipse/plugins/org.eclipse.persistence.moxy_2.4.2.v20121206-a9d0e8d.jar!/org/eclipse/persistence/jaxb/eclipselink_oxm_2_4.xsd"/>
  <uri name="http://www.eclipse.org/eclipselink/xsds/eclipselink_persistence_map_1.0.xsd" uri="jar:file:/C:/Users/Rathi Venkatesh/Downloads/wetransfer-6c2bd4/eclipse/plugins/org.eclipse.persistence.core_2.4.2.v20121206-a9d0e8d.jar!/org/eclipse/persistence/eclipselink_persistence_map_1.0.xsd"/>
  <uri name="http://www.eclipse.org/eclipselink/xsds/eclipselink_persistence_map_1.1.xsd" uri="jar:file:/C:/Users/Rathi Venkatesh/Downloads/wetransfer-6c2bd4/eclipse/plugins/org.eclipse.jpt.common.eclipselink.core_1.2.1.v201208222210.jar!/schemas/eclipselink_persistence_map_1.1.xsd"/>
  <uri name="http://www.eclipse.org/eclipselink/xsds/eclipselink_persistence_map_1.2.xsd" uri="jar:file:/C:/Users/Rathi Venkatesh/Downloads/wetransfer-6c2bd4/eclipse/plugins/org.eclipse.jpt.common.eclipselink.core_1.2.1.v201208222210.jar!/schemas/eclipselink_persistence_map_1.2.xsd"/>
  <uri name="http://www.eclipse.org/eclipselink/xsds/eclipselink_persistence_map_2.0.xsd" uri="jar:file:/C:/Users/Rathi Venkatesh/Downloads/wetransfer-6c2bd4/eclipse/plugins/org.eclipse.jpt.common.eclipselink.core_1.2.1.v201208222210.jar!/schemas/eclipselink_persistence_map_2.0.xsd"/>
  <uri name="http://www.eclipse.org/eclipselink/xsds/eclipselink_persistence_map_2.3.xsd" uri="jar:file:/C:/Users/Rathi Venkatesh/Downloads/wetransfer-6c2bd4/eclipse/plugins/org.eclipse.persistence.core_2.4.2.v20121206-a9d0e8d.jar!/org/eclipse/persistence/eclipselink_persistence_map_2.3.xsd"/>
  <uri name="http://www.eclipse.org/eclipselink/xsds/eclipselink_sessions_1.0.xsd" uri="jar:file:/C:/Users/Rathi Venkatesh/Downloads/wetransfer-6c2bd4/eclipse/plugins/org.eclipse.jpt.common.eclipselink.core_1.2.1.v201208222210.jar!/schemas/eclipselink_sessions_1.0.xsd"/>
  <uri name="http://www.eclipse.org/eclipselink/xsds/eclipselink_sessions_1.1.xsd" uri="jar:file:/C:/Users/Rathi Venkatesh/Downloads/wetransfer-6c2bd4/eclipse/plugins/org.eclipse.jpt.common.eclipselink.core_1.2.1.v201208222210.jar!/schemas/eclipselink_sessions_1.1.xsd"/>
  <uri name="http://www.eclipse.org/eclipselink/xsds/eclipselink_sessions_1.2.xsd" uri="jar:file:/C:/Users/Rathi Venkatesh/Downloads/wetransfer-6c2bd4/eclipse/plugins/org.eclipse.jpt.common.eclipselink.core_1.2.1.v201208222210.jar!/schemas/eclipselink_sessions_1.2.xsd"/>
  <uri name="http://www.eclipse.org/eclipselink/xsds/eclipselink_sessions_2.0.xsd" uri="jar:file:/C:/Users/Rathi Venkatesh/Downloads/wetransfer-6c2bd4/eclipse/plugins/org.eclipse.jpt.common.eclipselink.core_1.2.1.v201208222210.jar!/schemas/eclipselink_sessions_2.0.xsd"/>
  <uri name="http://www.eclipse.org/eclipselink/xsds/eclipselink_sessions_2.1.xsd" uri="jar:file:/C:/Users/Rathi Venkatesh/Downloads/wetransfer-6c2bd4/eclipse/plugins/org.eclipse.persistence.core_2.4.2.v20121206-a9d0e8d.jar!/org/eclipse/persistence/eclipselink_sessions_2.1.xsd"/>
  <public publicId="-//Sun Microsystems, Inc.//DTD Facelet Taglib 1.0//EN" uri="jar:file:/C:/Users/Rathi Venkatesh/Downloads/wetransfer-6c2bd4/eclipse/plugins/org.eclipse.jst.jsf.facelet.core_1.1.0.v201301161500.jar!/dtd/facelet-taglib_1_0.dtd" webURL="facelet-taglib_1_0.dtd"/>
  <public publicId="-//Sun Microsystems, Inc.//DTD J2EE Application 1.2//EN" uri="jar:file:/C:/Users/Rathi Venkatesh/Downloads/wetransfer-6c2bd4/eclipse/plugins/org.eclipse.jst.standard.schemas_1.2.1.v201302050732.jar!/dtdsAndSchemas/application_1_2.dtd" webURL="http://java.sun.com/j2ee/dtds/application_1_2.dtd"/>
  <public publicId="-//Sun Microsystems, Inc.//DTD J2EE Application 1.3//EN" uri="jar:file:/C:/Users/Rathi Venkatesh/Downloads/wetransfer-6c2bd4/eclipse/plugins/org.eclipse.jst.standard.schemas_1.2.1.v201302050732.jar!/dtdsAndSchemas/application_1_3.dtd" webURL="http://java.sun.com/dtd/application_1_3.dtd"/>
  <public publicId="-//Sun Microsystems, Inc.//DTD J2EE Application Client 1.2//EN" uri="jar:file:/C:/Users/Rathi Venkatesh/Downloads/wetransfer-6c2bd4/eclipse/plugins/org.eclipse.jst.standard.schemas_1.2.1.v201302050732.jar!/dtdsAndSchemas/application-client_1_2.dtd" webURL="http://java.sun.com/j2ee/dtds/application-client_1_2.dtd"/>
  <public publicId="-//Sun Microsystems, Inc.//DTD J2EE Application Client 1.3//EN" uri="jar:file:/C:/Users/Rathi Venkatesh/Downloads/wetransfer-6c2bd4/eclipse/plugins/org.eclipse.jst.standard.schemas_1.2.1.v201302050732.jar!/dtdsAndSchemas/application-client_1_3.dtd" webURL="http://java.sun.com/dtd/application-client_1_3.dtd"/>
  <public publicId="-//Sun Microsystems, Inc.//DTD Connector 1.0//EN" uri="jar:file:/C:/Users/Rathi Venkatesh/Downloads/wetransfer-6c2bd4/eclipse/plugins/org.eclipse.jst.standard.schemas_1.2.1.v201302050732.jar!/dtdsAndSchemas/connector_1_0.dtd" webURL="http://java.sun.com/dtd/connector_1_0.dtd"/>
  <public publicId="-//Sun Microsystems, Inc.//DTD Enterprise JavaBeans 1.1//EN" uri="jar:file:/C:/Users/Rathi Venkatesh/Downloads/wetransfer-6c2bd4/eclipse/plugins/org.eclipse.jst.standard.schemas_1.2.1.v201302050732.jar!/dtdsAndSchemas/ejb-jar_1_1.dtd" webURL="http://java.sun.com/j2ee/dtds/ejb-jar_1_1.dtd"/>
  <public publicId="-//Sun Microsystems, Inc.//DTD Enterprise JavaBeans 2.0//EN" uri="jar:file:/C:/Users/Rathi Venkatesh/Downloads/wetransfer-6c2bd4/eclipse/plugins/org.eclipse.jst.standard.schemas_1.2.1.v201302050732.jar!/dtdsAndSchemas/ejb-jar_2_0.dtd" webURL="http://java.sun.com/dtd/ejb-jar_2_0.dtd"/>
  <public publicId="-//Sun Microsystems, Inc.//DTD Web Application 2.2//EN" uri="jar:file:/C:/Users/Rathi Venkatesh/Downloads/wetransfer-6c2bd4/eclipse/plugins/org.eclipse.jst.standard.schemas_1.2.1.v201302050732.jar!/dtdsAndSchemas/web-app_2_2.dtd" webURL="http://java.sun.com/j2ee/dtds/web-app_2.2.dtd"/>
  <public publicId="-//Sun Microsystems, Inc.//DTD Web Application 2.3//EN" uri="jar:file:/C:/Users/Rathi Venkatesh/Downloads/wetransfer-6c2bd4/eclipse/plugins/org.eclipse.jst.standard.schemas_1.2.1.v201302050732.jar!/dtdsAndSchemas/web-app_2_3.dtd" webURL="http://java.sun.com/dtd/web-app_2_3.dtd"/>
  <public publicId="-//Sun Microsystems, Inc.//DTD JSP Tag Library 1.1//EN" uri="jar:file:/C:/Users/Rathi Venkatesh/Downloads/wetransfer-6c2bd4/eclipse/plugins/org.eclipse.jst.standard.schemas_1.2.1.v201302050732.jar!/dtdsAndSchemas/web-jsptaglibrary_1_1.dtd" webURL="http://java.sun.com/dtd/web-jsptaglibrary_1_1.dtd"/>
  <public publicId="-//Sun Microsystems, Inc.//DTD JSP Tag Library 1.2//EN" uri="jar:file:/C:/Users/Rathi Venkatesh/Downloads/wetransfer-6c2bd4/eclipse/plugins/org.eclipse.jst.standard.schemas_1.2.1.v201302050732.jar!/dtdsAndSchemas/web-jsptaglibrary_1_2.dtd" webURL="http://java.sun.com/dtd/web-jsptaglibrary_1_2.dtd"/>
  <public publicId="-//Sun Microsystems, Inc.//DTD JavaServer Faces Config 1.0//EN" uri="jar:file:/C:/Users/Rathi Venkatesh/Downloads/wetransfer-6c2bd4/eclipse/plugins/org.eclipse.jst.standard.schemas_1.2.1.v201302050732.jar!/dtdsAndSchemas/web-facesconfig_1_0.dtd" webURL="http://java.sun.com/dtd/web-facesconfig_1_0.dtd"/>
  <public publicId="-//Sun Microsystems, Inc.//DTD JavaServer Faces Config 1.1//EN" uri="jar:file:/C:/Users/Rathi Venkatesh/Downloads/wetransfer-6c2bd4/eclipse/plugins/org.eclipse.jst.standard.schemas_1.2.1.v201302050732.jar!/dtdsAndSchemas/web-facesconfig_1_1.dtd" webURL="http://java.sun.com/dtd/web-facesconfig_1_1.dtd"/>
  <public publicId="-//Sun Microsystems, Inc.//DTD Facelet Taglib 1.0//EN" uri="jar:file:/C:/Users/Rathi Venkatesh/Downloads/wetransfer-6c2bd4/eclipse/plugins/org.eclipse.jst.standard.schemas_1.2.1.v201302050732.jar!/dtdsAndSchemas/facelet-taglib_1_0.dtd"/>
  <uri name="http://java.sun.com/xml/ns/j2ee/application_1_4.xsd" uri="jar:file:/C:/Users/Rathi Venkatesh/Downloads/wetransfer-6c2bd4/eclipse/plugins/org.eclipse.jst.standard.schemas_1.2.1.v201302050732.jar!/dtdsAndSchemas/application_1_4.xsd"/>
  <uri name="http://java.sun.com/xml/ns/javaee/application_5.xsd" uri="jar:file:/C:/Users/Rathi Venkatesh/Downloads/wetransfer-6c2bd4/eclipse/plugins/org.eclipse.jst.standard.schemas_1.2.1.v201302050732.jar!/dtdsAndSchemas/application_5.xsd"/>
  <uri name="http://java.sun.com/xml/ns/javaee/application_6.xsd" uri="jar:file:/C:/Users/Rathi Venkatesh/Downloads/wetransfer-6c2bd4/eclipse/plugins/org.eclipse.jst.standard.schemas_1.2.1.v201302050732.jar!/dtdsAndSchemas/application_6.xsd"/>
  <uri name="http://java.sun.com/xml/ns/j2ee/application-client_1_4.xsd" uri="jar:file:/C:/Users/Rathi Venkatesh/Downloads/wetransfer-6c2bd4/eclipse/plugins/org.eclipse.jst.standard.schemas_1.2.1.v201302050732.jar!/dtdsAndSchemas/application-client_1_4.xsd"/>
  <uri name="http://java.sun.com/xml/ns/javaee/application-client_5.xsd" uri="jar:file:/C:/Users/Rathi Venkatesh/Downloads/wetransfer-6c2bd4/eclipse/plugins/org.eclipse.jst.standard.schemas_1.2.1.v201302050732.jar!/dtdsAndSchemas/application-client_5.xsd"/>
  <uri name="http://java.sun.com/xml/ns/javaee/application-client_6.xsd" uri="jar:file:/C:/Users/Rathi Venkatesh/Downloads/wetransfer-6c2bd4/eclipse/plugins/org.eclipse.jst.standard.schemas_1.2.1.v201302050732.jar!/dtdsAndSchemas/application-client_6.xsd"/>
  <uri name="http://java.sun.com/xml/ns/j2ee/connector_1_5.xsd" uri="jar:file:/C:/Users/Rathi Venkatesh/Downloads/wetransfer-6c2bd4/eclipse/plugins/org.eclipse.jst.standard.schemas_1.2.1.v201302050732.jar!/dtdsAndSchemas/connector_1_5.xsd"/>
  <uri name="http://java.sun.com/xml/ns/j2ee/connector_1_6.xsd" uri="jar:file:/C:/Users/Rathi Venkatesh/Downloads/wetransfer-6c2bd4/eclipse/plugins/org.eclipse.jst.standard.schemas_1.2.1.v201302050732.jar!/dtdsAndSchemas/connector_1_6.xsd"/>
  <uri name="http://java.sun.com/xml/ns/j2ee/ejb-jar_2_1.xsd" uri="jar:file:/C:/Users/Rathi Venkatesh/Downloads/wetransfer-6c2bd4/eclipse/plugins/org.eclipse.jst.standard.schemas_1.2.1.v201302050732.jar!/dtdsAndSchemas/ejb-jar_2_1.xsd"/>
  <uri name="http://java.sun.com/xml/ns/javaee/ejb-jar_3_0.xsd" uri="jar:file:/C:/Users/Rathi Venkatesh/Downloads/wetransfer-6c2bd4/eclipse/plugins/org.eclipse.jst.standard.schemas_1.2.1.v201302050732.jar!/dtdsAndSchemas/ejb-jar_3_0.xsd"/>
  <uri name="http://java.sun.com/xml/ns/javaee/ejb-jar_3_1.xsd" uri="jar:file:/C:/Users/Rathi Venkatesh/Downloads/wetransfer-6c2bd4/eclipse/plugins/org.eclipse.jst.standard.schemas_1.2.1.v201302050732.jar!/dtdsAndSchemas/ejb-jar_3_1.xsd"/>
  <uri name="http://java.sun.com/xml/ns/j2ee/" uri="jar:file:/C:/Users/Rathi Venkatesh/Downloads/wetransfer-6c2bd4/eclipse/plugins/org.eclipse.jst.standard.schemas_1.2.1.v201302050732.jar!/dtdsAndSchemas/j2ee_1_4.xsd"/>
  <uri name="http://java.sun.com/xml/ns/j2ee/j2ee_1_4.xsd" uri="jar:file:/C:/Users/Rathi Venkatesh/Downloads/wetransfer-6c2bd4/eclipse/plugins/org.eclipse.jst.standard.schemas_1.2.1.v201302050732.jar!/dtdsAndSchemas/j2ee_1_4.xsd"/>
  <uri name="http://java.sun.com/xml/ns/j2ee/j2ee_jaxrpc_mapping_1_1.xsd" uri="jar:file:/C:/Users/Rathi Venkatesh/Downloads/wetransfer-6c2bd4/eclipse/plugins/org.eclipse.jst.standard.schemas_1.2.1.v201302050732.jar!/dtdsAndSchemas/j2ee_jaxrpc_mapping_1_1.xsd"/>
  <uri name="http://java.sun.com/xml/ns/j2ee/j2ee_web_services_1_1.xsd" uri="jar:file:/C:/Users/Rathi Venkatesh/Downloads/wetransfer-6c2bd4/eclipse/plugins/org.eclipse.jst.standard.schemas_1.2.1.v201302050732.jar!/dtdsAndSchemas/j2ee_web_services_1_1.xsd"/>
  <uri name="http://java.sun.com/xml/ns/j2ee/j2ee_web_services_client_1_1.xsd" uri="jar:file:/C:/Users/Rathi Venkatesh/Downloads/wetransfer-6c2bd4/eclipse/plugins/org.eclipse.jst.standard.schemas_1.2.1.v201302050732.jar!/dtdsAndSchemas/j2ee_web_services_client_1_1.xsd"/>
  <uri name="http://www.ibm.com/webservices/xsd/j2ee_jaxrpc_mapping_1_1.xsd" uri="jar:file:/C:/Users/Rathi Venkatesh/Downloads/wetransfer-6c2bd4/eclipse/plugins/org.eclipse.jst.standard.schemas_1.2.1.v201302050732.jar!/dtdsAndSchemas/j2ee_jaxrpc_mapping_1_1.xsd"/>
  <uri name="http://www.ibm.com/webservices/xsd/j2ee_web_services_1_1.xsd" uri="jar:file:/C:/Users/Rathi Venkatesh/Downloads/wetransfer-6c2bd4/eclipse/plugins/org.eclipse.jst.standard.schemas_1.2.1.v201302050732.jar!/dtdsAndSchemas/j2ee_web_services_1_1.xsd"/>
  <uri name="http://www.ibm.com/webservices/xsd/j2ee_web_services_client_1_1.xsd" uri="jar:file:/C:/Users/Rathi Venkatesh/Downloads/wetransfer-6c2bd4/eclipse/plugins/org.eclipse.jst.standard.schemas_1.2.1.v201302050732.jar!/dtdsAndSchemas/j2ee_web_services_client_1_1.xsd"/>
  <uri name="http://java.sun.com/xml/ns/javaee/javaee_5.xsd" uri="jar:file:/C:/Users/Rathi Venkatesh/Downloads/wetransfer-6c2bd4/eclipse/plugins/org.eclipse.jst.standard.schemas_1.2.1.v201302050732.jar!/dtdsAndSchemas/javaee_5.xsd"/>
  <uri name="http://java.sun.com/xml/ns/javaee/javaee_6.xsd" uri="jar:file:/C:/Users/Rathi Venkatesh/Downloads/wetransfer-6c2bd4/eclipse/plugins/org.eclipse.jst.standard.schemas_1.2.1.v201302050732.jar!/dtdsAndSchemas/javaee_6.xsd"/>
  <uri name="http://java.sun.com/xml/ns/javaee/javaee_web_services_1_2.xsd" uri="jar:file:/C:/Users/Rathi Venkatesh/Downloads/wetransfer-6c2bd4/eclipse/plugins/org.eclipse.jst.standard.schemas_1.2.1.v201302050732.jar!/dtdsAndSchemas/javaee_web_services_1_2.xsd"/>
  <uri name="http://java.sun.com/xml/ns/javaee/javaee_web_services_1_3.xsd" uri="jar:file:/C:/Users/Rathi Venkatesh/Downloads/wetransfer-6c2bd4/eclipse/plugins/org.eclipse.jst.standard.schemas_1.2.1.v201302050732.jar!/dtdsAndSchemas/javaee_web_services_1_3.xsd"/>
  <uri name="http://java.sun.com/xml/ns/javaee/javaee_web_services_client_1_2.xsd" uri="jar:file:/C:/Users/Rathi Venkatesh/Downloads/wetransfer-6c2bd4/eclipse/plugins/org.eclipse.jst.standard.schemas_1.2.1.v201302050732.jar!/dtdsAndSchemas/javaee_web_services_client_1_2.xsd"/>
  <uri name="http://java.sun.com/xml/ns/javaee/javaee_web_services_client_1_3.xsd" uri="jar:file:/C:/Users/Rathi Venkatesh/Downloads/wetransfer-6c2bd4/eclipse/plugins/org.eclipse.jst.standard.schemas_1.2.1.v201302050732.jar!/dtdsAndSchemas/javaee_web_services_client_1_3.xsd"/>
  <uri name="http://java.sun.com/xml/ns/j2ee/jsp_2_0.xsd" uri="jar:file:/C:/Users/Rathi Venkatesh/Downloads/wetransfer-6c2bd4/eclipse/plugins/org.eclipse.jst.standard.schemas_1.2.1.v201302050732.jar!/dtdsAndSchemas/jsp_2_0.xsd"/>
  <uri name="http://java.sun.com/xml/ns/javaee/jsp_2_1.xsd" uri="jar:file:/C:/Users/Rathi Venkatesh/Downloads/wetransfer-6c2bd4/eclipse/plugins/org.eclipse.jst.standard.schemas_1.2.1.v201302050732.jar!/dtdsAndSchemas/jsp_2_1.xsd"/>
  <uri name="http://java.sun.com/xml/ns/javaee/jsp_2_2.xsd" uri="jar:file:/C:/Users/Rathi Venkatesh/Downloads/wetransfer-6c2bd4/eclipse/plugins/org.eclipse.jst.standard.schemas_1.2.1.v201302050732.jar!/dtdsAndSchemas/jsp_2_2.xsd"/>
  <uri name="http://java.sun.com/xml/ns/j2ee/web-app_2_4.xsd" uri="jar:file:/C:/Users/Rathi Venkatesh/Downloads/wetransfer-6c2bd4/eclipse/plugins/org.eclipse.jst.standard.schemas_1.2.1.v201302050732.jar!/dtdsAndSchemas/web-app_2_4.xsd"/>
  <uri name="http://java.sun.com/xml/ns/javaee/web-app_2_5.xsd" uri="jar:file:/C:/Users/Rathi Venkatesh/Downloads/wetransfer-6c2bd4/eclipse/plugins/org.eclipse.jst.standard.schemas_1.2.1.v201302050732.jar!/dtdsAndSchemas/web-app_2_5.xsd"/>
  <uri name="http://java.sun.com/xml/ns/javaee/web-app_3_0.xsd" uri="jar:file:/C:/Users/Rathi Venkatesh/Downloads/wetransfer-6c2bd4/eclipse/plugins/org.eclipse.jst.standard.schemas_1.2.1.v201302050732.jar!/dtdsAndSchemas/web-app_3_0.xsd"/>
  <uri name="http://java.sun.com/xml/ns/javaee/web-common_3_0.xsd" uri="jar:file:/C:/Users/Rathi Venkatesh/Downloads/wetransfer-6c2bd4/eclipse/plugins/org.eclipse.jst.standard.schemas_1.2.1.v201302050732.jar!/dtdsAndSchemas/web-common_3_0.xsd"/>
  <uri name="http://java.sun.com/xml/ns/javaee/web-fragment_3_0.xsd" uri="jar:file:/C:/Users/Rathi Venkatesh/Downloads/wetransfer-6c2bd4/eclipse/plugins/org.eclipse.jst.standard.schemas_1.2.1.v201302050732.jar!/dtdsAndSchemas/web-fragment_3_0.xsd"/>
  <uri name="http://java.sun.com/xml/ns/j2ee/web-jsptaglibrary_2_0.xsd" uri="jar:file:/C:/Users/Rathi Venkatesh/Downloads/wetransfer-6c2bd4/eclipse/plugins/org.eclipse.jst.standard.schemas_1.2.1.v201302050732.jar!/dtdsAndSchemas/web-jsptaglibrary_2_0.xsd"/>
  <uri name="http://java.sun.com/xml/ns/javaee/web-jsptaglibrary_2_1.xsd" uri="jar:file:/C:/Users/Rathi Venkatesh/Downloads/wetransfer-6c2bd4/eclipse/plugins/org.eclipse.jst.standard.schemas_1.2.1.v201302050732.jar!/dtdsAndSchemas/web-jsptaglibrary_2_1.xsd"/>
  <uri name="http://java.sun.com/xml/ns/javaee/web-facesconfig_1_2.xsd" uri="jar:file:/C:/Users/Rathi Venkatesh/Downloads/wetransfer-6c2bd4/eclipse/plugins/org.eclipse.jst.standard.schemas_1.2.1.v201302050732.jar!/dtdsAndSchemas/web-facesconfig_1_2.xsd"/>
  <uri name="http://java.sun.com/xml/ns/persistence/orm_1_0.xsd" uri="jar:file:/C:/Users/Rathi Venkatesh/Downloads/wetransfer-6c2bd4/eclipse/plugins/org.eclipse.jst.standard.schemas_1.2.1.v201302050732.jar!/dtdsAndSchemas/orm_1_0.xsd"/>
  <uri name="http://java.sun.com/xml/ns/persistence/persistence_1_0.xsd" uri="jar:file:/C:/Users/Rathi Venkatesh/Downloads/wetransfer-6c2bd4/eclipse/plugins/org.eclipse.jst.standard.schemas_1.2.1.v201302050732.jar!/dtdsAndSchemas/persistence_1_0.xsd"/>
  <uri name="http://java.sun.com/xml/ns/persistence/orm_2_0.xsd" uri="jar:file:/C:/Users/Rathi Venkatesh/Downloads/wetransfer-6c2bd4/eclipse/plugins/org.eclipse.jst.standard.schemas_1.2.1.v201302050732.jar!/dtdsAndSchemas/orm_2_0.xsd"/>
  <uri name="http://java.sun.com/xml/ns/persistence/persistence_2_0.xsd" uri="jar:file:/C:/Users/Rathi Venkatesh/Downloads/wetransfer-6c2bd4/eclipse/plugins/org.eclipse.jst.standard.schemas_1.2.1.v201302050732.jar!/dtdsAndSchemas/persistence_2_0.xsd"/>
  <uri name="http://java.sun.com/xml/ns/javaee/web-facelettaglibrary_2_0.xsd" uri="jar:file:/C:/Users/Rathi Venkatesh/Downloads/wetransfer-6c2bd4/eclipse/plugins/org.eclipse.jst.standard.schemas_1.2.1.v201302050732.jar!/dtdsAndSchemas/web-facelettaglibrary_2_0.xsd"/>
  <uri name="http://java.sun.com/xml/ns/javaee/web-facesconfig_2_0.xsd" uri="jar:file:/C:/Users/Rathi Venkatesh/Downloads/wetransfer-6c2bd4/eclipse/plugins/org.eclipse.jst.standard.schemas_1.2.1.v201302050732.jar!/dtdsAndSchemas/web-facesconfig_2_0.xsd"/>
  <uri name="http://java.sun.com/xml/ns/javaee/web-facesuicomponent_2_0.xsd" uri="jar:file:/C:/Users/Rathi Venkatesh/Downloads/wetransfer-6c2bd4/eclipse/plugins/org.eclipse.jst.standard.schemas_1.2.1.v201302050732.jar!/dtdsAndSchemas/web-facesuicomponent_2_0.xsd"/>
  <uri name="http://java.sun.com/xml/ns/javaee/web-partialresponse_2_0.xsd" uri="jar:file:/C:/Users/Rathi Venkatesh/Downloads/wetransfer-6c2bd4/eclipse/plugins/org.eclipse.jst.standard.schemas_1.2.1.v201302050732.jar!/dtdsAndSchemas/web-partialresponse_2_0.xsd"/>
  <uri name="http://java.sun.com/xml/ns/javaee/beans_1_0.xsd" uri="jar:file:/C:/Users/Rathi Venkatesh/Downloads/wetransfer-6c2bd4/eclipse/plugins/org.eclipse.jst.standard.schemas_1.2.1.v201302050732.jar!/dtdsAndSchemas/beans_1_0.xsd"/>
  <public publicId="-//WAPFORUM//DTD WML 1.1//EN" uri="jar:file:/C:/Users/Rathi Venkatesh/Downloads/wetransfer-6c2bd4/eclipse/plugins/org.eclipse.wst.standard.schemas_1.0.501.v201301091615.jar!/dtds/wml11.dtd"/>
  <public publicId="-//W3C//DTD XHTML 1.0 Strict//EN" uri="jar:file:/C:/Users/Rathi Venkatesh/Downloads/wetransfer-6c2bd4/eclipse/plugins/org.eclipse.wst.standard.schemas_1.0.501.v201301091615.jar!/dtds/xhtml1-strict.dtd" webURL="http://www.w3.org/TR/xhtml1/DTD/xhtml1-strict.dtd"/>
  <public publicId="-//W3C//DTD XHTML 1.0 Transitional//EN" uri="jar:file:/C:/Users/Rathi Venkatesh/Downloads/wetransfer-6c2bd4/eclipse/plugins/org.eclipse.wst.standard.schemas_1.0.501.v201301091615.jar!/dtds/xhtml1-transitional.dtd" webURL="http://www.w3.org/TR/xhtml1/DTD/xhtml1-transitional.dtd"/>
  <public publicId="-//W3C//DTD XHTML 1.0 Frameset//EN" uri="jar:file:/C:/Users/Rathi Venkatesh/Downloads/wetransfer-6c2bd4/eclipse/plugins/org.eclipse.wst.standard.schemas_1.0.501.v201301091615.jar!/dtds/xhtml1-frameset.dtd" webURL="http://www.w3.org/TR/xhtml1/DTD/xhtml1-frameset.dtd"/>
  <public publicId="-//W3C//DTD XHTML Basic 1.0//EN" uri="jar:file:/C:/Users/Rathi Venkatesh/Downloads/wetransfer-6c2bd4/eclipse/plugins/org.eclipse.wst.standard.schemas_1.0.501.v201301091615.jar!/dtds/xhtml-basic10-f.dtd" webURL="http://www.w3.org/TR/xhtml-basic/xhtml-basic10.dtd"/>
  <public publicId="-//W3C//DTD XHTML 1.1//EN" uri="jar:file:/C:/Users/Rathi Venkatesh/Downloads/wetransfer-6c2bd4/eclipse/plugins/org.eclipse.wst.standard.schemas_1.0.501.v201301091615.jar!/dtds/xhtml11-flat.dtd" webURL="http://www.w3.org/TR/xhtml11/DTD/xhtml11.dtd"/>
  <public publicId="-//WAPFORUM//DTD XHTML Mobile 1.0//EN" uri="jar:file:/C:/Users/Rathi Venkatesh/Downloads/wetransfer-6c2bd4/eclipse/plugins/org.eclipse.wst.standard.schemas_1.0.501.v201301091615.jar!/dtds/xhtml-mobile10-flat.dtd" webURL="http://www.wapforum.org/DTD/xhtml-mobile10.dtd"/>
  <public publicId="-//WAPFORUM//DTD WML 1.3//EN" uri="jar:file:/C:/Users/Rathi Venkatesh/Downloads/wetransfer-6c2bd4/eclipse/plugins/org.eclipse.wst.standard.schemas_1.0.501.v201301091615.jar!/dtds/wml13.dtd" webURL="http://www.wapforum.org/DTD/wml13.dtd"/>
  <public publicId="-//W3C//DTD HTML 4.01 Frameset//EN" uri="jar:file:/C:/Users/Rathi Venkatesh/Downloads/wetransfer-6c2bd4/eclipse/plugins/org.eclipse.wst.standard.schemas_1.0.501.v201301091615.jar!/dtds/frameset.dtd" webURL="http://www.w3.org/TR/html4/frameset.dtd"/>
  <public publicId="-//W3C//ENTITIES Latin 1//EN//HTML" uri="jar:file:/C:/Users/Rathi Venkatesh/Downloads/wetransfer-6c2bd4/eclipse/plugins/org.eclipse.wst.standard.schemas_1.0.501.v201301091615.jar!/dtds/HTMLlat1.ent" webURL="HTMLlat1.ent"/>
  <public publicId="-//W3C//ENTITIES Special//EN//HTM" uri="jar:file:/C:/Users/Rathi Venkatesh/Downloads/wetransfer-6c2bd4/eclipse/plugins/org.eclipse.wst.standard.schemas_1.0.501.v201301091615.jar!/dtds/HTMLspecial.ent" webURL="HTMLspecial.ent"/>
  <public publicId="-//W3C//ENTITIES Symbols//EN//HTML" uri="jar:file:/C:/Users/Rathi Venkatesh/Downloads/wetransfer-6c2bd4/eclipse/plugins/org.eclipse.wst.standard.schemas_1.0.501.v201301091615.jar!/dtds/HTMLsymbol.ent" webURL="HTMLsymbol.ent"/>
  <public publicId="-//W3C//DTD HTML 4.01 Transitional//EN" uri="jar:file:/C:/Users/Rathi Venkatesh/Downloads/wetransfer-6c2bd4/eclipse/plugins/org.eclipse.wst.standard.schemas_1.0.501.v201301091615.jar!/dtds/loose.dtd" webURL="http://www.w3.org/TR/html4/loose.dtd"/>
  <public publicId="-//W3C//DTD HTML 4.01//EN" uri="jar:file:/C:/Users/Rathi Venkatesh/Downloads/wetransfer-6c2bd4/eclipse/plugins/org.eclipse.wst.standard.schemas_1.0.501.v201301091615.jar!/dtds/strict.dtd" webURL="http://www.w3.org/TR/html4/strict.dtd"/>
  <uri name="http://schemas.xmlsoap.org/wsdl/" uri="jar:file:/C:/Users/Rathi Venkatesh/Downloads/wetransfer-6c2bd4/eclipse/plugins/org.eclipse.wst.standard.schemas_1.0.501.v201301091615.jar!/xsd/wsdl.xsd"/>
  <uri name="http://schemas.xmlsoap.org/wsdl/soap/" uri="jar:file:/C:/Users/Rathi Venkatesh/Downloads/wetransfer-6c2bd4/eclipse/plugins/org.eclipse.wst.standard.schemas_1.0.501.v201301091615.jar!/xsd/soap.xsd"/>
  <uri name="http://schemas.xmlsoap.org/wsdl/http/" uri="jar:file:/C:/Users/Rathi Venkatesh/Downloads/wetransfer-6c2bd4/eclipse/plugins/org.eclipse.wst.standard.schemas_1.0.501.v201301091615.jar!/xsd/http.xsd"/>
  <uri name="http://schemas.xmlsoap.org/wsdl/mime/" uri="jar:file:/C:/Users/Rathi Venkatesh/Downloads/wetransfer-6c2bd4/eclipse/plugins/org.eclipse.wst.standard.schemas_1.0.501.v201301091615.jar!/xsd/wsdl-mime.xsd"/>
  <uri name="http://schemas.xmlsoap.org/soap/encoding/" uri="jar:file:/C:/Users/Rathi Venkatesh/Downloads/wetransfer-6c2bd4/eclipse/plugins/org.eclipse.wst.standard.schemas_1.0.501.v201301091615.jar!/xsd/soapenc.xsd"/>
  <uri name="http://schemas.xmlsoap.org/soap/envelope/" uri="jar:file:/C:/Users/Rathi Venkatesh/Downloads/wetransfer-6c2bd4/eclipse/plugins/org.eclipse.wst.standard.schemas_1.0.501.v201301091615.jar!/xsd/soapenv.xsd"/>
  <uri name="urn:oasis:names:tc:entity:xmlns:xml:catalog" uri="jar:file:/C:/Users/Rathi Venkatesh/Downloads/wetransfer-6c2bd4/eclipse/plugins/org.eclipse.wst.standard.schemas_1.0.501.v201301091615.jar!/xsd/xmlcatalog11.xsd"/>
  <uri name="http://www.w3.org/TR/html4/loose.dtd" uri="jar:file:/C:/Users/Rathi Venkatesh/Downloads/wetransfer-6c2bd4/eclipse/plugins/org.eclipse.wst.standard.schemas_1.0.501.v201301091615.jar!/dtds/loose.dtd"/>
  <uri name="http://www.w3.org/TR/html4/strict.dtd" uri="jar:file:/C:/Users/Rathi Venkatesh/Downloads/wetransfer-6c2bd4/eclipse/plugins/org.eclipse.wst.standard.schemas_1.0.501.v201301091615.jar!/dtds/strict.dtd"/>
  <system systemId="http://www.w3.org/2001/xml.xsd" uri="jar:file:/C:/Users/Rathi Venkatesh/Downloads/wetransfer-6c2bd4/eclipse/plugins/org.eclipse.xsd_2.8.1.v20130125-0826.jar!/cache/www.w3.org/2001/xml.xsd"/>
  <uri name="http://www.w3.org/2001/XMLSchema" uri="jar:file:/C:/Users/Rathi Venkatesh/Downloads/wetransfer-6c2bd4/eclipse/plugins/org.eclipse.xsd_2.8.1.v20130125-0826.jar!/cache/www.w3.org/2001/XMLSchema.xsd"/>
  <uri id="org.w3c.xinclude" name="http://www.w3.org/2001/XInclude" uri="jar:file:/C:/Users/Rathi Venkatesh/Downloads/wetransfer-6c2bd4/eclipse/plugins/org.eclipse.wst.xsl.core_1.1.100.v201102270516.jar!/xslt-schemas/xinclude.xsd"/>
</catalog>
